Seed Yield,Category
32.483570765056164,Category 1
29.308678494144075,Category 1
33.23844269050346,Category 1
37.61514928204013,Category 1
28.829233126383322,Category 1
28.8293152152541,Category 1
37.896064077536955,Category 1
33.837173645764544,Category 1
27.65262807032524,Category 1
32.712800217929825,Category 1
27.682911535937688,Category 1
27.671351232148716,Category 1
31.20981135783017,Category 1
20.43359877671101,Category 1
21.375410837434835,Category 1
27.188562353795135,Category 1
24.93584439832788,Category 1
31.571236662976368,Category 1
25.459879622393945,Category 1
22.938481493323543,Category 1
37.32824384460777,Category 1
28.871118497567323,Category 1
30.33764102343962,Category 1
22.87625906893272,Category 1
27.278086377374088,Category 1
30.55461294854933,Category 1
24.245032112888488,Category 1
31.87849009172836,Category 1
26.996806550405974,Category 1
28.541531251033618,Category 1
26.991466938853016,Category 1
39.26139092254469,Category 1
29.93251387631033,Category 1
24.711445355220498,Category 1
34.11272456051594,Category 1
23.895781750144888,Category 1
31.044317975023777,Category 1
20.201649380601122,Category 1
23.359069755507846,Category 1
30.984306179345616,Category 1
33.69233289997705,Category 1
30.85684140594985,Category 1
29.421758588058797,Category 1
28.494481522053555,Category 1
22.607390048162863,Category 1
26.400778958026457,Category 1
27.696806145201062,Category 1
35.285611131094576,Category 1
31.71809144784231,Category 1
21.18479922318633,Category 1
31.620419846973974,Category 1
28.074588597918417,Category 1
26.615389998470206,Category 1
33.058381444204336,Category 1
35.154997612479754,Category 1
34.65640059558099,Category 1
25.803912383886807,Category 1
28.453938120743928,Category 1
31.65631715701782,Category 1
34.877725635611796,Category 1
27.60412881077355,Category 1
29.071705116680914,Category 1
24.46832512996986,Category 1
24.018966879596647,Category 1
34.06262911197099,Category 1
36.78120014285412,Category 1
29.63994939209833,Category 1
35.01766448946012,Category 1
31.80818012523817,Category 1
26.77440122697438,Category 1
31.80697802754207,Category 1
37.690182832329846,Category 1
29.820869804450243,Category 1
37.82321827907003,Category 1
16.901274479551276,Category 1
34.10951252187612,Category 1
30.435235341190857,Category 1
28.504963247670663,Category 1
30.45880388267751,Category 1
20.062155426995538,Category 1
28.90164056081244,Category 1
31.78556285755873,Category 1
37.38947022370758,Category 1
27.40864890863176,Category 1
25.95753198553406,Category 1
27.491214782077318,Category 1
34.57701058851037,Category 1
31.643755548298422,Category 1
27.351198981164806,Category 1
32.56633716556678,Category 1
30.4853877467402,Category 1
34.84322495266444,Category 1
26.489734530613237,Category 1
28.361689267011158,Category 1
28.039459234339212,Category 1
22.682425259339407,Category 1
31.48060138532288,Category 1
31.305276360899448,Category 1
30.025567283212304,Category 1
28.827064333124266,Category 1
22.92314628974793,Category 1
27.896773386173205,Category 1
28.286427417366152,Category 1
25.988613653891903,Category 1
29.193571441669953,Category 1
32.02025428407269,Category 1
39.43092950605265,Category 1
30.872889064159196,Category 1
31.28775195361382,Category 1
29.627770421169163,Category 1
20.406143923504793,Category 1
29.867430622753915,Category 1
30.301151049705133,Category 1
42.316210562426434,Category 1
29.038195176094387,Category 1
31.507736711668063,Category 1
29.826441151473784,Category 1
24.15660981190234,Category 1
35.7141140725751,Category 1
33.75966516343387,Category 1
33.95515973521523,Category 1
25.453062726026303,Category 1
37.013971554680495,Category 1
22.990744686038596,Category 1
32.93428546900135,Category 1
40.952278129049894,Category 1
25.04731837434656,Category 1
27.16851135198614,Category 1
30.498256825438204,Category 1
27.482621729419005,Category 1
22.246682844669337,Category 1
30.342814874030136,Category 1
24.688481431369475,Category 1
32.36796215317591,Category 1
25.402878828830985,Category 1
37.7496720250877,Category 1
26.083733538318814,Category 1
28.38969241897162,Category 1
34.06758608684835,Category 1
23.845678417830225,Category 1
31.137299673020646,Category 1
36.53571377141214,Category 1
21.96258382719386,Category 1
30.92316929266152,Category 1
31.299413971242117,Category 1
33.909114358886555,Category 1
23.81524644560959,Category 1
23.397716934578618,Category 1
32.60970782808449,Category 1
31.48492336616593,Category 1
31.252464251729382,Category 1
31.732241047484877,Category 1
26.599876392107547,Category 1
31.161268485805017,Category 1
31.465362366493405,Category 1
26.42824290986816,Category 1
39.328872555723784,Category 1
32.36916460455894,Category 1
24.043482513986756,Category 1
33.28276804316915,Category 1
25.126591648863393,Category 1
33.93542301871226,Category 1
35.79297789503702,Category 1
25.89658840824145,Category 1
34.816880646221605,Category 1
32.063904634682494,Category 1
34.11030079997245,Category 1
39.48396491326974,Category 1
28.773059419985646,Category 1
26.23131917821255,Category 1
25.552427851872384,Category 1
25.920948575172808,Category 1
29.614491452929478,Category 1
31.70575987408322,Category 1
31.383453996650097,Category 1
34.13591624518012,Category 1
30.065009459389536,Category 1
37.26767038578659,Category 1
28.67671583381022,Category 1
43.600845832948096,Category 1
33.128336738825034,Category 1
25.714212217918586,Category 1
24.64553750969444,Category 1
32.41236207621593,Category 1
28.882686073370746,Category 1
33.57000247046046,Category 1
32.366188122867726,Category 1
29.635855436715637,Category 1
25.766031409657977,Category 1
22.425763876570677,Category 1
27.767425239664895,Category 1
34.28199397161736,Category 1
31.07046872065102,Category 1
23.771306106440058,Category 1
30.86590462925591,Category 1
31.926586898644185,Category 1
25.580712818994336,Category 1
30.76862552972764,Category 1
30.29104359223,Category 1
24.285148510846884,Category 1
31.788936801741418,Category 1
32.803922631841175,Category 1
35.41525621587638,Category 1
35.26901026017451,Category 1
23.111653160214544,Category 1
25.310874800424386,Category 1
32.5751763360433,Category 1
32.56892975456105,Category 1
32.57523843153024,Category 1
49.26365745327361,Category 1
32.85445255346583,Category 1
35.677828200902994,Category 1
34.770008817466014,Category 1
33.25695625652899,Category 1
28.42365377679827,Category 1
33.79484610246634,Category 1
26.13587392731214,Category 1
28.815906966299956,Category 1
27.573182260854484,Category 1
30.409370696931614,Category 1
41.573292833367546,Category 1
20.66367403704126,Category 1
33.431300951872565,Category 1
21.936420644051744,Category 1
27.640340671052833,Category 1
35.44475298483683,Category 1
30.321400095477316,Category 1
24.61127611035347,Category 1
26.42348145370016,Category 1
33.39798874467338,Category 1
26.34816684141432,Category 1
31.082292947909874,Category 1
30.22785919951907,Category 1
26.741998261970913,Category 1
40.719720446626624,Category 1
33.169595111590056,Category 1
19.874287066711965,Category 1
30.93227157384714,Category 1
26.69106767615806,Category 1
34.26216667398112,Category 1
26.037396307836495,Category 1
29.426317792665504,Category 1
32.524936394902284,Category 1
34.32877597085061,Category 1
23.998517964721117,Category 1
28.327493820795258,Category 1
27.62527344419522,Category 1
26.73335383713144,Category 1
38.82727120140548,Category 1
32.024908554804774,Category 1
23.695580228324772,Category 1
34.58930973527388,Category 1
40.610780985063165,Category 1
35.16232630275574,Category 1
22.403150170229935,Category 1
27.578829635668743,Category 1
36.334555745933116,Category 1
26.461652671906094,Category 1
32.219097140731144,Category 1
33.87317026714668,Category 1
25.365347642109583,Category 1
29.702373219691,Category 1
13.793663299654636,Category 1
24.878061793328552,Category 1
28.7371592430342,Category 1
23.761084090175753,Category 1
38.16205651965818,Category 1
22.849293110196836,Category 1
27.799777566515083,Category 1
30.653702886430455,Category 1
37.20636644533058,Category 1
22.8206892441028,Category 1
35.815818760774796,Category 1
30.051165305097935,Category 1
25.092456744760245,Category 1
32.31051737131635,Category 1
30.99529847786735,Category 1
26.998915614206027,Category 1
30.349010424950094,Category 1
28.0734320156912,Category 1
30.56758672625624,Category 1
33.31065337260523,Category 1
37.93008408072676,Category 1
23.810922505865754,Category 1
40.665166873281336,Category 1
20.23956100238749,Category 1
29.241074524822082,Category 1
32.94158603242288,Category 1
31.404959338675162,Category 1
26.88650240089703,Category 1
28.959388748213623,Category 1
27.534995326705836,Category 1
27.053176215278942,Category 1
34.24801048510513,Category 1
31.785077429825236,Category 1
26.535452023696728,Category 1
34.49799937716625,Category 1
31.536497604383047,Category 1
34.0643105941948,Category 1
33.14814420961806,Category 1
25.855024945389637,Category 1
27.199094799015153,Category 1
33.73646802561631,Category 1
33.05185132716733,Category 1
29.89549203017926,Category 1
30.58663691654391,Category 1
36.388324478942124,Category 1
27.04214305582085,Category 1
32.73548690585019,Category 1
28.98903673783053,Category 1
28.9115939838639,Category 1
35.49388425993595,Category 1
34.12708174494015,Category 1
34.06754818000319,Category 1
36.52739403577164,Category 1
30.105019208163796,Category 1
33.40976485647482,Category 1
28.44866621703272,Category 1
31.62083176244221,Category 1
29.349284728161578,Category 1
30.48497982496359,Category 1
32.975785127184565,Category 1
25.908896583832636,Category 1
40.4619363784273,Category 1
24.96991309250149,Category 1
23.92905693606134,Category 1
35.79055436750034,Category 1
33.95831346981468,Category 1
33.12059908526078,Category 1
33.1417275463214,Category 1
29.938766135765427,Category 1
25.51372814257084,Category 1
30.37902279096863,Category 1
26.61419144243944,Category 1
34.87559866708875,Category 1
29.264713092489306,Category 1
25.872514016037442,Category 1
28.393070791735035,Category 1
32.064657271378124,Category 1
27.181377235980126,Category 1
25.888898022167844,Category 1
31.218436057459563,Category 1
31.224832855543614,Category 1
27.46528412314435,Category 1
27.644808471908387,Category 1
31.16024968678818,Category 1
22.75957829251338,Category 1
22.962681128117225,Category 1
26.40777889373782,Category 1
28.932764241440765,Category 1
31.554537827990025,Category 1
37.37678108474776,Category 1
34.2882981160101,Category 1
29.200307350182864,Category 1
29.904918960486555,Category 1
24.987353176810956,Category 1
29.90743432003805,Category 1
28.55670680539931,Category 1
31.613592801690448,Category 1
25.863845282238387,Category 1
32.59673257120586,Category 1
37.66369456501289,Category 1
29.456199257715713,Category 1
32.00855861049471,Category 1
33.45071995855556,Category 1
27.993897640570818,Category 1
31.120462409052084,Category 1
30.062962003908975,Category 1
30.48838049274416,Category 1
26.13495108072267,Category 1
30.122550871294713,Category 1
32.48999145622725,Category 1
37.25571803897521,Category 1
34.79635413042603,Category 1
40.76591228755778,Category 1
26.163262185559752,Category 1
34.36160318360339,Category 1
30.91671002869176,Category 1
40.94901466608836,Category 1
25.958508573224243,Category 1
25.801390789096118,Category 1
27.00303677277989,Category 1
19.380521378450965,Category 1
27.371224891596196,Category 1
26.20433669223151,Category 1
30.75196893238104,Category 1
31.708779878885796,Category 1
39.38085419607943,Category 1
34.75211919093025,Category 1
27.115481721687985,Category 1
25.50792664325821,Category 1
32.45959585753253,Category 1
23.398833964896788,Category 1
39.157293829271765,Category 1
35.897200603606436,Category 1
27.654121739476476,Category 1
21.434327354545612,Category 1
36.76936187082706,Category 1
29.42730077373691,Category 1
36.18908155986731,Category 1
22.027861706028165,Category 1
27.003124885231134,Category 1
30.026218498590914,Category 1
30.23490296882371,Category 1
27.74967264260378,Category 1
33.114249661737496,Category 1
24.661897853087027,Category 1
29.288102574893532,Category 1
30.601478158559495,Category 1
32.57219417029374,Category 1
33.558074390444446,Category 1
24.376789540810655,Category 1
22.32942914632189,Category 1
36.38838410949255,Category 1
31.661570059897958,Category 1
26.25756731721723,Category 1
37.75575987761262,Category 1
30.578373171464293,Category 1
35.89648592031913,Category 1
30.337592407050543,Category 1
40.303739624409936,Category 1
38.77670421221602,Category 1
28.75517925760463,Category 1
34.85785475477178,Category 1
33.226879747925736,Category 1
36.843157787661745,Category 1
25.17538269709948,Category 1
33.4302572999922,Category 1
35.292122434247936,Category 1
21.20630256788443,Category 1
24.083707436671126,Category 1
19.803839111199498,Category 1
28.652965827777212,Category 1
33.58771127897981,Category 1
37.51178526048014,Category 1
30.370473902098876,Category 1
38.14307772785646,Category 1
23.099492708925542,Category 1
21.483087803224226,Category 1
29.722261505516904,Category 1
31.920327244696537,Category 1
29.836526259529535,Category 1
19.662789499800617,Category 1
29.55439980243606,Category 1
23.477652497475734,Category 1
33.348362744150194,Category 1
31.83299123048424,Category 1
25.300601068363225,Category 1
27.430665413316532,Category 1
24.70393239055524,Category 1
29.68660451363414,Category 1
34.77571160250619,Category 1
25.07136976832228,Category 1
32.52023257758922,Category 1
27.348711908137794,Category 1
26.03563583868828,Category 1
29.464848200227213,Category 1
24.82378838790313,Category 1
27.23175347326409,Category 1
24.010610537055758,Category 1
39.82362566458195,Category 1
30.176317759858645,Category 1
26.50137246003707,Category 1
31.06989955367111,Category 1
29.43835975154585,Category 1
28.895152002333884,Category 1
33.07083350021713,Category 1
33.787538550236526,Category 1
27.34749426194736,Category 1
27.1209087967766,Category 1
28.62474151424178,Category 1
18.490394176322077,Category 1
22.42404468900724,Category 1
36.83437133722262,Category 1
38.22483856750642,Category 1
28.75481980221811,Category 1
32.88278481527883,Category 1
31.556250772717682,Category 1
45.39440404227619,Category 1
35.59787455717289,Category 1
29.360412042596167,Category 1
25.22229779699787,Category 1
21.96776839871214,Category 1
31.017318179336115,Category 1
26.218246273578483,Category 1
22.88873145201163,Category 1
26.767135578787368,Category 1
24.592259981928024,Category 1
38.43570817536282,Category 1
34.408198784747256,Category 1
29.960136793416915,Category 1
37.39972069445013,Category 1
30.38684153823809,Category 1
25.69357899335868,Category 1
37.61562038634828,Category 1
32.694550218423295,Category 1
24.81376922836772,Category 1
29.04830660958196,Category 1
25.621908733076214,Category 1
23.086001345178317,Category 1
34.630887737658206,Category 1
39.54708320235065,Category 1
23.007162130904295,Category 1
32.81484618345286,Category 1
26.746787154390866,Category 1
27.56437308117652,Category 1
27.038030378805654,Category 1
25.68004615160092,Category 1
30.242608139724133,Category 1
25.84524941794481,Category 1
31.352284128899193,Category 1
29.748809452754315,Category 1
28.80525976566795,Category 1
25.46218168979201,Category 1
27.116143347158335,Category 1
33.77695612912878,Category 1
32.504585938121906,Category 1
25.112223776007244,Category 1
30.49666152714613,Category 1
33.75693561685895,Category 1
21.652973594393142,Category 1
32.71680096189967,Category 1
26.686881205270765,Category 1
32.852993342965796,Category 1
26.183704217287417,Category 1
20.975589496677404,Category 1
21.862287810584185,Category 1
30.24042473330691,Category 1
31.29861250860741,Category 1
25.478416874477958,Category 1
33.19296229388687,Category 1
21.6923996886552,Category 1
29.66960100676342,Category 1
23.944919001187717,Category 1
26.740819460989204,Category 1
30.23699335658207,Category 1
25.69793317358024,Category 1
28.077222278850872,Category 1
35.0314640460722,Category 1
27.115540652384254,Category 1
34.17846056032571,Category 1
24.351465726711908,Category 1
32.64902088957641,Category 1
37.207843103289505,Category 1
17.641777499363553,Category 1
26.015523722647615,Category 1
32.8853606359027,Category 1
28.984773069785035,Category 1
31.855729366856544,Category 1
26.980074066420897,Category 1
30.4329489373645,Category 1
29.221613823039604,Category 1
35.838910308299035,Category 1
31.272104216506065,Category 1
31.68801331037601,Category 1
27.940615169387662,Category 1
27.561968879637533,Category 1
27.837209060901895,Category 1
31.972260711891483,Category 1
27.895077595898684,Category 1
31.448874284482066,Category 1
40.37700399322719,Category 1
34.35562351715846,Category 1
28.369882339160796,Category 1
36.00606961081972,Category 1
27.959623134892244,Category 1
19.80937732411073,Category 1
24.95956844541298,Category 1
20.646040394870724,Category 1
28.24243257979346,Category 1
30.092091895947757,Category 1
38.382186561376415,Category 1
31.634636868820813,Category 1
28.90449735595568,Category 1
34.14702790591745,Category 1
18.944323454960575,Category 1
31.178072790542828,Category 1
33.85432596943483,Category 1
22.607068771100792,Category 1
35.71877021603464,Category 1
31.69248203747207,Category 1
27.923560430495993,Category 1
33.163909330531425,Category 1
41.35346428902198,Category 1
30.909331275292477,Category 1
31.24110293150168,Category 1
27.70319550229878,Category 1
25.75077815267604,Category 1
34.15167908272123,Category 1
25.719580870455665,Category 1
30.357831186096963,Category 1
27.611712766174417,Category 1
32.39489912873196,Category 1
31.66831052643474,Category 1
35.1876997212895,Category 1
27.449918005726264,Category 1
28.650625323533145,Category 1
25.106181421088465,Category 1
27.77853369961944,Category 1
31.88650246522426,Category 1
33.78494308322676,Category 1
25.389173379111874,Category 1
34.3480296005283,Category 1
36.778189294024756,Category 1
32.067174516118506,Category 1
39.38397906279033,Category 1
26.131054004482134,Category 1
23.776726483442914,Category 1
21.106398755478608,Category 1
37.480221557445915,Category 1
33.27182828177029,Category 1
29.722076645447725,Category 1
31.399843131599102,Category 1
24.372554763508116,Category 1
42.228759898084135,Category 1
30.646105909876137,Category 1
30.546973973024464,Category 1
33.62883311949346,Category 1
32.40504615868357,Category 1
31.119420121395656,Category 1
26.04762772277344,Category 1
32.35734178567998,Category 1
39.41012248237517,Category 1
36.72710023077489,Category 1
37.965933133196984,Category 1
27.443921617844076,Category 1
25.051975898707095,Category 1
29.37106539950176,Category 1
30.278624561443472,Category 1
35.47095759235474,Category 1
21.537676851425903,Category 1
37.64775159730307,Category 1
29.209960507105052,Category 1
27.8655946502629,Category 1
24.93947812369916,Category 1
21.725716640671152,Category 1
34.11585291980957,Category 1
30.36658983594202,Category 1
23.55019550129473,Category 1
23.52460613968192,Category 1
28.32107650354936,Category 1
38.34510762644696,Category 1
28.702043243181976,Category 1
22.48428523440947,Category 1
28.77128467957028,Category 1
28.636382151261646,Category 1
16.515566785292144,Category 1
29.72852566741094,Category 1
28.84532734895661,Category 1
33.48103182406709,Category 1
39.244780474726724,Category 1
35.632825147738785,Category 1
28.655556547225846,Category 1
24.467370456291647,Category 1
42.8667990162493,Category 1
30.29609217007244,Category 1
30.06964645956473,Category 1
29.879374564449982,Category 1
30.990423803839274,Category 1
29.278197940380288,Category 1
27.131689965598817,Category 1
27.26570529379804,Category 1
29.836233648920008,Category 1
27.282876144331176,Category 1
26.435771086614178,Category 1
30.532151138459483,Category 1
28.725113912895722,Category 1
37.51996494291345,Category 1
16.74515095803494,Category 1
35.45753425961231,Category 1
36.23042596248815,Category 1
19.63304883795925,Category 1
28.286562029598258,Category 1
28.142795670021044,Category 1
22.962441526410892,Category 1
26.110916562045624,Category 1
24.447120772670857,Category 1
38.761352217118116,Category 1
34.678391965737305,Category 1
36.35777547497079,Category 1
33.60836032021618,Category 1
24.354741143913856,Category 1
27.37739866860113,Category 1
32.44687280613959,Category 1
23.889360955540273,Category 1
33.56499215086194,Category 1
28.798373009209325,Category 1
28.125895962252013,Category 1
33.554799841017456,Category 1
32.2213165574302,Category 1
28.1951691709046,Category 1
35.79664901682124,Category 1
24.594683362000513,Category 1
33.07967803472132,Category 1
32.96550628984192,Category 1
28.452267803430047,Category 1
31.63066511121059,Category 1
23.744432118073483,Category 1
34.6201350960345,Category 1
29.075489317785056,Category 1
27.386384897404803,Category 1
35.245046129184445,Category 1
26.478281547286205,Category 1
22.957693518182204,Category 1
22.216854132380483,Category 1
33.0300497567282,Category 1
23.597853237518585,Category 1
38.77397090992182,Category 1
19.59035296058139,Category 1
38.48228184145019,Category 1
31.05508733601309,Category 1
29.516434440648037,Category 1
27.275404565955252,Category 1
31.995680571760353,Category 1
29.81182648787576,Category 1
35.516509410082605,Category 1
30.571138243310198,Category 1
30.75150880730939,Category 1
28.18193893893072,Category 1
29.715271881394663,Category 1
31.539008844460295,Category 1
21.449158036716874,Category 1
23.259072889471433,Category 1
33.71632047011357,Category 1
30.854327190639708,Category 1
29.080083318236603,Category 1
30.092169665326967,Category 1
31.737908526808354,Category 1
27.301201598453193,Category 1
26.108476372988438,Category 1
30.979226275488408,Category 1
25.10813611192484,Category 1
32.04126377857236,Category 1
21.4870819788108,Category 1
35.14577818662822,Category 1
32.362987412065216,Category 1
31.28014867156938,Category 1
34.91345491972757,Category 1
38.32737222231288,Category 1
35.07185032509065,Category 1
20.795628843341774,Category 1
23.602115166321493,Category 1
26.875907111521606,Category 1
30.13045525105417,Category 1
32.58829510234561,Category 1
26.371280934232672,Category 1
30.93383382238539,Category 1
26.22308533823339,Category 1
26.942410985040258,Category 1
22.96669451575889,Category 1
25.38383376944548,Category 1
23.24157697191833,Category 1
25.120633735113337,Category 1
35.2682089830392,Category 1
25.253005555840286,Category 1
43.161910324186955,Category 1
32.466589504404446,Category 1
30.92418061847437,Category 1
25.708211099093933,Category 1
33.501549397044954,Category 1
27.12181086881113,Category 1
30.610049073226808,Category 1
42.800422691343975,Category 1
29.51970050137675,Category 1
35.74636663142838,Category 1
26.48411787437056,Category 1
29.82505754751519,Category 1
38.85400317817755,Category 1
26.865164711061162,Category 1
39.062242789984644,Category 1
33.538759677277376,Category 1
27.18766612052866,Category 1
33.1620386952776,Category 1
34.86277224813365,Category 1
33.10904981108598,Category 1
22.148876400547717,Category 1
26.364314120875658,Category 1
28.762406822242475,Category 1
29.62783285449977,Category 1
33.10336048775339,Category 1
30.888505004666268,Category 1
23.323278206449494,Category 1
31.900989255029817,Category 1
33.05292872641912,Category 1
32.7989522396552,Category 1
35.40390362777311,Category 1
34.16961077274452,Category 1
32.29590039614219,Category 1
29.649171442706766,Category 1
21.69519533242004,Category 1
32.14809109566293,Category 1
31.038438435815557,Category 1
31.357894185976868,Category 1
23.616257120898453,Category 1
24.594717297958688,Category 1
35.26576426666452,Category 1
29.802224230716725,Category 1
33.40750348686312,Category 1
30.141591880652307,Category 1
30.148780697478728,Category 1
34.69141902987999,Category 1
27.41977635891313,Category 1
30.480603884704916,Category 1
27.688623556474788,Category 1
27.82751886283842,Category 1
28.454139382656802,Category 1
31.110668858168566,Category 1
27.606256891682612,Category 1
36.278780627867604,Category 1
25.52696348890248,Category 1
29.065641779193204,Category 1
27.801344708629124,Category 1
37.23488942176866,Category 1
30.982773882557872,Category 1
35.159222697343175,Category 1
22.57219813481514,Category 1
31.335251329346296,Category 1
34.44815397811718,Category 1
30.41141994637712,Category 1
35.32740187532676,Category 1
27.41355774949814,Category 1
37.0467372009279,Category 1
41.49449061809625,Category 1
28.185807197801704,Category 1
27.77248739299614,Category 1
37.2669223855885,Category 1
37.89786072865356,Category 1
27.385699864233658,Category 1
27.899065914520712,Category 1
28.591076955697464,Category 1
23.277747444828613,Category 1
25.40674026757901,Category 1
24.97929616623966,Category 1
26.161012174479357,Category 1
29.826575563066093,Category 1
31.171073662682602,Category 1
37.75250246407038,Category 1
25.008229796306047,Category 1
34.92161199238292,Category 1
28.930055778872454,Category 1
29.752681451737836,Category 1
33.37409746083302,Category 1
24.386389892188507,Category 1
31.912048730920255,Category 1
30.83226104106528,Category 1
32.462256320040744,Category 1
31.44584321953909,Category 1
42.276500699554475,Category 1
26.81130007874342,Category 1
27.345015224990913,Category 1
26.88429736787618,Category 1
27.222614404198726,Category 1
26.81306436346741,Category 1
35.94508265553776,Category 1
37.102521239949276,Category 1
27.14626853125262,Category 1
25.838222134478855,Category 1
32.35707778193202,Category 1
27.238884778595143,Category 1
33.164659088777555,Category 1
31.0146151042565,Category 1
22.42127942501384,Category 1
37.737526006650306,Category 1
38.97938836547761,Category 1
26.93605654757807,Category 1
28.061492200320078,Category 1
31.429326953624525,Category 1
31.672283949935125,Category 1
33.29272136336415,Category 1
40.05102269383175,Category 1
29.11526386252975,Category 1
26.00851377730773,Category 1
23.103403859927365,Category 1
26.345349800290403,Category 1
29.834365135631014,Category 1
38.97278931758894,Category 1
27.411943504819142,Category 1
31.118939758194493,Category 1
29.91788551963624,Category 1
35.94196636724042,Category 1
42.63466212936811,Category 1
27.345656135398396,Category 1
27.55280278740889,Category 1
35.22080438534536,Category 1
33.409457448131555,Category 1
39.23353662868017,Category 1
32.91964092662982,Category 1
28.203539546064704,Category 1
32.95327415346155,Category 1
35.54351790291454,Category 1
34.10241090598682,Category 1
32.53637015553649,Category 1
35.33337344794577,Category 1
35.84647795222836,Category 1
36.91079495518763,Category 1
33.24354943794821,Category 1
29.164409598415727,Category 1
30.733568432166614,Category 1
36.03254483254179,Category 1
25.91532164506382,Category 1
31.843366544364507,Category 1
28.033305938363196,Category 1
30.143724114674086,Category 1
36.39225931303649,Category 1
30.955495340099517,Category 1
30.232182740780743,Category 1
23.200719295100406,Category 1
33.731267830136105,Category 1
33.22742090570538,Category 1
40.8162736165273,Category 1
28.461108825234994,Category 1
31.095751638319694,Category 1
31.246918418553776,Category 1
37.887266398817374,Category 1
29.523522338065238,Category 1
31.395107628851697,Category 1
33.0394825485827,Category 1
30.93304561578179,Category 1
27.767831927247357,Category 1
30.97044996449154,Category 1
35.36815874929886,Category 1
24.8674235029447,Category 1
30.66484837073438,Category 1
26.499395925304135,Category 1
35.97523314462421,Category 1
22.384065476081126,Category 1
27.205390763642058,Category 1
31.886059375322603,Category 1
37.827620146171704,Category 1
29.67124869463506,Category 1
27.22400236653401,Category 1
39.40578534720295,Category 1
22.75993049791878,Category 1
19.00597021689959,Category 1
32.200072250266665,Category 1
27.489728878236946,Category 1
24.893835914346433,Category 1
33.541782236496765,Category 1
31.219003568855996,Category 1
27.179606846316357,Category 1
23.59847800664553,Category 1
34.36228664140072,Category 1
33.251005889793305,Category 1
29.504120681103085,Category 1
39.23318498023833,Category 1
24.649576168369236,Category 1
22.372374145376305,Category 1
26.540459650593778,Category 1
29.77206991822251,Category 1
31.21669724661346,Category 1
28.79381971071835,Category 1
31.760276982571483,Category 1
23.74230287904778,Category 1
37.2188230203663,Category 1
29.589244108037157,Category 1
35.58647915794064,Category 1
31.71362673188852,Category 1
32.28376609576892,Category 1
32.84883640116102,Category 1
32.23854280008658,Category 1
33.21361379933772,Category 1
36.64576265066216,Category 1
30.98260584850735,Category 1
33.54501878794256,Category 1
29.551321528563868,Category 1
37.200586077247365,Category 1
26.61803848970365,Category 1
39.004702164554075,Category 1
29.799210246778284,Category 1
22.84612448940976,Category 1
30.640522074553946,Category 1
26.594741712625595,Category 1
34.20321774494362,Category 1
26.736880103488044,Category 1
27.769082833926102,Category 1
20.552296345272346,Category 1
27.738468403754617,Category 1
17.88060336685522,Category 1
22.080485882571384,Category 1
33.80207328072149,Category 1
33.92900079325416,Category 1
32.12728780892483,Category 1
25.165119284353935,Category 1
29.7614432192901,Category 1
29.981987304547157,Category 1
24.208176554037287,Category 1
37.51699150883575,Category 1
34.386811452878355,Category 1
28.89517913085168,Category 1
30.134429194972654,Category 1
31.04191403973776,Category 1
19.791325657878545,Category 1
28.764113087397014,Category 1
26.590078760011007,Category 1
24.991899950525422,Category 1
28.594498535570224,Category 1
38.988432634247616,Category 1
33.20421430633505,Category 1
27.144105051086015,Category 1
32.86291390678079,Category 1
73.99355436586002,Category 2
69.24633682912769,Category 2
60.59630369920174,Category 2
53.53063222294426,Category 2
66.9822331361359,Category 2
63.934853854217494,Category 2
68.95193220027733,Category 2
66.35171801681969,Category 2
70.49552715319335,Category 2
54.64764788439432,Category 2
73.17394065634326,Category 2
61.975996046923996,Category 2
80.75260872625265,Category 2
53.10812181910432,Category 2
77.3596380316525,Category 2
61.979107834626475,Category 2
53.48581996385552,Category 2
55.16114165945678,Category 2
56.7965269180568,Category 2
64.24165946401916,Category 2
65.228354880355,Category 2
54.26299996061421,Category 2
59.756454077390174,Category 2
81.42270358611864,Category 2
77.27543170100711,Category 2
64.36323669674032,Category 2
60.380034781682,Category 2
61.200313267182615,Category 2
66.13517972730416,Category 2
49.77207434801595,Category 2
57.42623462576655,Category 2
43.314159261224106,Category 2
63.992231226052795,Category 2
66.4719593970274,Category 2
55.16813537700626,Category 2
75.73986763290033,Category 2
47.74234336997659,Category 2
45.3562511979018,Category 2
62.24451818559972,Category 2
70.47098302612154,Category 2
76.83927691457869,Category 2
55.4111573713106,Category 2
70.78680833431295,Category 2
59.61491530499293,Category 2
58.273727000591805,Category 2
68.83659937486672,Category 2
66.52322878413419,Category 2
44.236078430157505,Category 2
74.76540349725896,Category 2
73.80091354147451,Category 2
53.74437298490471,Category 2
63.95803533437409,Category 2
64.94030186282738,Category 2
62.60673765823907,Category 2
54.4969484615458,Category 2
53.283766320619485,Category 2
59.744459290085544,Category 2
71.72729019259364,Category 2
65.43600154594432,Category 2
56.29385667913894,Category 2
67.71698710648344,Category 2
31.514573793699245,Category 2
71.48765700372104,Category 2
42.60286221221901,Category 2
56.37559058596868,Category 2
48.803301053738565,Category 2
47.053185242790946,Category 2
71.6082678737852,Category 2
55.32298798688109,Category 2
63.46503881730716,Category 2
59.53079421120816,Category 2
64.77040827223121,Category 2
60.768218910602556,Category 2
47.1700777581143,Category 2
69.9626681944714,Category 2
55.06243416838687,Category 2
44.434181013402494,Category 2
55.718848390340874,Category 2
75.00759790634311,Category 2
68.50221742113493,Category 2
56.51347865592141,Category 2
56.50742295681571,Category 2
56.783649487826175,Category 2
80.76747983560841,Category 2
63.819354522315535,Category 2
64.3004164719107,Category 2
70.30283454031843,Category 2
62.387891590265134,Category 2
57.40957854179297,Category 2
58.03650150915022,Category 2
59.283987405859364,Category 2
59.627777634901584,Category 2
67.2762954363698,Category 2
60.519458858072994,Category 2
67.3264007721558,Category 2
59.19283419891418,Category 2
60.786351903160906,Category 2
40.01799315467892,Category 2
69.16327674702481,Category 2
63.46488475897993,Category 2
69.98010109859652,Category 2
31.037446218063106,Category 2
80.88374704780728,Category 2
58.604103718448265,Category 2
71.08182816737516,Category 2
49.60094072874469,Category 2
66.12773905062569,Category 2
49.46584436826344,Category 2
53.76231039304195,Category 2
79.14031353866787,Category 2
58.09317599236653,Category 2
62.17432873179723,Category 2
68.70067730688754,Category 2
64.95681887972604,Category 2
61.504189051435766,Category 2
63.64961002466225,Category 2
84.03415585238275,Category 2
59.42381202966415,Category 2
62.010990467149675,Category 2
70.50654396007612,Category 2
71.05525932957984,Category 2
71.8703030556038,Category 2
66.38730222029184,Category 2
48.569950872695166,Category 2
76.33431532301096,Category 2
48.53654606981312,Category 2
63.02635465239033,Category 2
52.45724149980642,Category 2
59.35861653407007,Category 2
63.2876241030348,Category 2
63.21357215450273,Category 2
64.21920754235285,Category 2
76.13711269058646,Category 2
64.5353430151398,Category 2
57.558433647093516,Category 2
69.64087168288357,Category 2
71.89470488924641,Category 2
47.72392184863008,Category 2
65.97400069849859,Category 2
67.01172742310898,Category 2
57.02436496640008,Category 2
73.75706813311619,Category 2
58.499444129674735,Category 2
61.255764534715425,Category 2
58.2692817571613,Category 2
60.155790475814676,Category 2
49.037249131047986,Category 2
45.59949117405706,Category 2
75.94505063224972,Category 2
51.53038651681672,Category 2
50.08607650543693,Category 2
38.466098863962856,Category 2
53.610382523104974,Category 2
46.76910206592502,Category 2
76.4201516013637,Category 2
70.09817089342634,Category 2
53.118496548222765,Category 2
82.52435805344308,Category 2
69.81765486991594,Category 2
56.75168616491378,Category 2
35.005942851264265,Category 2
82.90942572590743,Category 2
46.10427533236404,Category 2
43.546012530431085,Category 2
70.2257043200964,Category 2
84.39752406339272,Category 2
73.84272818510519,Category 2
65.6390912005236,Category 2
65.94754341665286,Category 2
68.53415558780307,Category 2
67.58928589786765,Category 2
62.811914239693756,Category 2
61.04201103951876,Category 2
59.374068721004775,Category 2
52.46035411133324,Category 2
57.19324923133226,Category 2
43.07043185804615,Category 2
59.0166037320525,Category 2
50.11408892849083,Category 2
48.964106827842286,Category 2
61.798941511534785,Category 2
73.920022863446,Category 2
69.18316606002313,Category 2
44.29499396376823,Category 2
50.10371863429663,Category 2
69.40771187988216,Category 2
50.175126064616904,Category 2
57.753668500029754,Category 2
65.50052099024552,Category 2
50.31655545136365,Category 2
61.0537550614596,Category 2
46.65974505081795,Category 2
53.98632356048786,Category 2
63.19781934142537,Category 2
44.070062664683306,Category 2
64.40474737960399,Category 2
59.803622010733186,Category 2
65.52489954417148,Category 2
62.23914134064661,Category 2
73.64140429973844,Category 2
61.25224502647907,Category 2
55.70594458874747,Category 2
61.222975030322836,Category 2
65.43298029036387,Category 2
60.48860070325704,Category 2
60.405916912038826,Category 2
52.980083121932445,Category 2
53.37099082449052,Category 2
45.97394728200307,Category 2
77.4957674318694,Category 2
47.56136764608715,Category 2
53.07094802204092,Category 2
52.81592734430802,Category 2
68.94924376944441,Category 2
57.05050321707972,Category 2
72.47742072673734,Category 2
53.26509375756132,Category 2
62.78994162223802,Category 2
51.64652946740243,Category 2
81.45149127773388,Category 2
48.12401580970487,Category 2
63.09820710227027,Category 2
66.33776880932099,Category 2
64.13799097451498,Category 2
58.147123411222914,Category 2
58.70179300266574,Category 2
60.438114719791095,Category 2
58.529979983715116,Category 2
69.6387911679491,Category 2
82.10523001591352,Category 2
54.425082149921664,Category 2
46.301970204209226,Category 2
59.117179516487454,Category 2
85.79709337654319,Category 2
51.963254320302696,Category 2
76.39116805444067,Category 2
76.77700814076441,Category 2
54.46411758292005,Category 2
65.68983079185276,Category 2
76.28396623128538,Category 2
56.20872259012513,Category 2
57.964196398976384,Category 2
54.18319086051356,Category 2
49.852432693071336,Category 2
53.50722454933993,Category 2
47.760597332377436,Category 2
60.34083468259226,Category 2
52.30026768941358,Category 2
62.33785911790748,Category 2
44.44104353796373,Category 2
63.30880232214457,Category 2
68.33528961608924,Category 2
40.062643574285445,Category 2
63.74056569847572,Category 2
72.27668992473292,Category 2
47.90358981308795,Category 2
76.72572386837703,Category 2
64.19019009366045,Category 2
52.949881442415915,Category 2
59.44230922342294,Category 2
65.58326912521723,Category 2
60.760053914124114,Category 2
65.38755992446369,Category 2
50.79326406920634,Category 2
61.69360824036078,Category 2
45.8628550309502,Category 2
58.887739386513,Category 2
50.960923585352106,Category 2
52.64470057410233,Category 2
72.36093175210438,Category 2
70.9131012059427,Category 2
66.09138120907177,Category 2
49.07687235327421,Category 2
56.83591550305198,Category 2
72.13097699979184,Category 2
61.417169136399046,Category 2
83.19329539981695,Category 2
63.93317839394372,Category 2
61.92049116490031,Category 2
56.908835357974986,Category 2
61.33540904782282,Category 2
58.47530163619456,Category 2
67.0810867668859,Category 2
69.56702316794585,Category 2
52.140105394920504,Category 2
46.68767046442222,Category 2
41.637946268967035,Category 2
65.07991326912544,Category 2
48.966333938261265,Category 2
38.471094070475175,Category 2
63.885786045309644,Category 2
84.9299951743279,Category 2
59.939290884601064,Category 2
68.38490774451643,Category 2
60.81829358547565,Category 2
59.01110346808857,Category 2
69.19076482987768,Category 2
57.097254558113484,Category 2
62.673923140719026,Category 2
63.216978061960134,Category 2
53.31909546356951,Category 2
69.92042349536523,Category 2
58.25040243304591,Category 2
52.442548405071555,Category 2
65.36509843570404,Category 2
51.015320182089624,Category 2
60.281811573691286,Category 2
59.90881003355796,Category 2
70.85895565831578,Category 2
64.74698232879953,Category 2
59.74973041254856,Category 2
68.17766299200287,Category 2
73.90207549017313,Category 2
65.57810306351863,Category 2
60.103526198433805,Category 2
46.8816376764984,Category 2
49.348863369246274,Category 2
56.94775295645332,Category 2
53.90487797840717,Category 2
58.13028697014554,Category 2
60.56649924897107,Category 2
65.2969275435673,Category 2
59.29501221940909,Category 2
64.86501643826202,Category 2
60.6447441481012,Category 2
40.24533433646128,Category 2
50.606646061812455,Category 2
58.55912444278385,Category 2
47.90305257158892,Category 2
65.99928729996205,Category 2
75.30750832343698,Category 2
72.18761851697317,Category 2
57.86557129069792,Category 2
74.90726136849952,Category 2
61.486674572021116,Category 2
56.629140288819606,Category 2
53.8659733645906,Category 2
56.975303135118715,Category 2
56.118231814587716,Category 2
61.70416222375488,Category 2
61.60573981049865,Category 2
60.03046020153415,Category 2
64.3693816974635,Category 2
71.90646274786342,Category 2
69.49554135441323,Category 2
45.151020315500965,Category 2
34.46078865098045,Category 2
69.34319911239274,Category 2
46.33121301584579,Category 2
57.75234598107316,Category 2
48.298869739406406,Category 2
41.9801956241998,Category 2
65.41462728204787,Category 2
67.59155160302647,Category 2
54.2348959927328,Category 2
34.0895770785509,Category 2
54.53755551747517,Category 2
63.91804005402547,Category 2
45.21088431225871,Category 2
61.83359919779156,Category 2
59.846901508270044,Category 2
65.79291499601088,Category 2
61.19580368414153,Category 2
50.26931059118444,Category 2
71.96571501664491,Category 2
58.4147042697303,Category 2
59.72695460490068,Category 2
50.667320409268044,Category 2
55.567177488084894,Category 2
51.15197285973099,Category 2
58.27053940076577,Category 2
77.11708480142343,Category 2
46.28098857068643,Category 2
43.86438602123259,Category 2
74.71170327493608,Category 2
57.90676322848134,Category 2
53.309272613400836,Category 2
70.39904687396077,Category 2
53.94384460263136,Category 2
78.26009713546937,Category 2
66.7792587133927,Category 2
55.120885918542974,Category 2
81.57308213265503,Category 2
53.94285076996662,Category 2
67.42095372009307,Category 2
62.99292580406492,Category 2
73.01741289398798,Category 2
75.61511196726853,Category 2
60.320041490657665,Category 2
52.46582129653817,Category 2
64.59972142939117,Category 2
53.22284630247894,Category 2
80.13387247526623,Category 2
61.36535331082737,Category 2
56.34678448687891,Category 2
61.84680305864909,Category 2
46.52873710470303,Category 2
50.28385961489349,Category 2
72.00413907944426,Category 2
53.43105721028604,Category 2
49.5308901731806,Category 2
65.36652752527286,Category 2
71.85704154662997,Category 2
67.18953310665067,Category 2
69.96047685805816,Category 2
52.43204911430539,Category 2
45.78189333258156,Category 2
75.01333651955487,Category 2
56.77320161157864,Category 2
57.49166983544953,Category 2
73.28194141849058,Category 2
65.5623000940066,Category 2
64.55887772081607,Category 2
81.65002344901083,Category 2
53.564817696198574,Category 2
69.27840128081237,Category 2
60.570131248970846,Category 2
62.68592278863257,Category 2
75.28468426412532,Category 2
65.07835756289624,Category 2
65.38296079049633,Category 2
70.72507337309803,Category 2
56.350472704571146,Category 2
51.607903326609936,Category 2
49.55190805978967,Category 2
40.33643410623998,Category 2
80.56207129940321,Category 2
48.96791634278317,Category 2
57.78746376414228,Category 2
57.23186700111079,Category 2
63.07406697809101,Category 2
68.15737212539297,Category 2
68.60473488359746,Category 2
54.16922561431062,Category 2
58.32878286213589,Category 2
62.825799504882994,Category 2
57.51308873816453,Category 2
76.07345576019992,Category 2
64.90974951638252,Category 2
67.34877786049817,Category 2
66.62881268667412,Category 2
71.73473857485325,Category 2
61.81021558703707,Category 2
47.03168052044153,Category 2
63.996879517526416,Category 2
53.48643106208171,Category 2
54.713833182502434,Category 2
65.86364018755093,Category 2
72.38283071433636,Category 2
60.21271576736061,Category 2
63.088330125989636,Category 2
77.02214944635239,Category 2
62.407531794885685,Category 2
86.01683114180395,Category 2
65.65509645631545,Category 2
42.39237240844182,Category 2
67.53341621104532,Category 2
63.81158384882778,Category 2
72.89752754082745,Category 2
66.73181351269959,Category 2
58.615440160162265,Category 2
47.757017637106344,Category 2
57.90976742713975,Category 2
51.494795457907,Category 2
54.19476550195277,Category 2
65.88578404420609,Category 2
76.69904504351406,Category 2
63.94671529822981,Category 2
48.04116937964815,Category 2
64.4460266822014,Category 2
71.96631486645651,Category 2
53.90217095680618,Category 2
58.65982833327082,Category 2
60.14688194729197,Category 2
52.151016869177596,Category 2
66.4828043384386,Category 2
58.79051851392219,Category 2
64.19532443907028,Category 2
51.125078221978995,Category 2
55.62541699676589,Category 2
67.22381357827771,Category 2
56.27166847908233,Category 2
77.26963851233405,Category 2
56.003638143853976,Category 2
62.24684725751886,Category 2
69.3259083187309,Category 2
45.816342670669684,Category 2
42.39191188019224,Category 2
44.74343685429905,Category 2
72.62584103427182,Category 2
54.481418541075534,Category 2
85.58199285668252,Category 2
54.357524013426115,Category 2
61.84551303197037,Category 2
75.42109952567876,Category 2
80.06092888159122,Category 2
80.61503576636397,Category 2
72.08366230593143,Category 2
70.24062525811462,Category 2
65.92526949201184,Category 2
67.78361076166638,Category 2
54.488142836714665,Category 2
51.81801116577693,Category 2
59.96625542589048,Category 2
58.298153774750716,Category 2
55.46771950672725,Category 2
66.96387447456715,Category 2
69.5530520857051,Category 2
60.884068862918475,Category 2
74.77530081055262,Category 2
48.58310885866495,Category 2
58.06340540720282,Category 2
52.831776793971954,Category 2
41.3346338292694,Category 2
59.17319314157301,Category 2
58.78252491616716,Category 2
75.13449743242131,Category 2
66.30811684554777,Category 2
49.758131756707954,Category 2
78.54092566334188,Category 2
72.21033695525352,Category 2
65.82097703468615,Category 2
57.73515901150168,Category 2
50.405607632765204,Category 2
56.27793223928947,Category 2
70.88748619704185,Category 2
78.84586305934609,Category 2
75.43243528272188,Category 2
55.11150578213726,Category 2
48.80382566710989,Category 2
61.40886246911204,Category 2
42.31560634437149,Category 2
63.23167714184781,Category 2
58.52397413701331,Category 2
55.33963498131758,Category 2
44.05296932733204,Category 2
65.13600106569717,Category 2
54.672991603380886,Category 2
48.30083164289712,Category 2
31.277377867183507,Category 2
59.724850949493636,Category 2
77.72251596669744,Category 2
76.6125921454787,Category 2
55.429037434137285,Category 2
53.97787939638219,Category 2
64.68774256075024,Category 2
50.016145608117085,Category 2
63.01791899819466,Category 2
67.6608027838469,Category 2
72.26933223884308,Category 2
58.99845923520047,Category 2
57.96326249823034,Category 2
51.22017413243439,Category 2
51.7311964596014,Category 2
57.73521108098473,Category 2
63.67365506816178,Category 2
69.13584626233249,Category 2
51.96821049319655,Category 2
74.92688568959522,Category 2
57.28876398957431,Category 2
59.78632705651564,Category 2
52.527883208521764,Category 2
35.75759739727059,Category 2
68.8404539636105,Category 2
67.36843897092433,Category 2
57.18672442881787,Category 2
60.66990717224872,Category 2
65.159392177041,Category 2
44.374541431134574,Category 2
54.70947322653705,Category 2
67.94264679621827,Category 2
47.45710576830751,Category 2
62.935579321666296,Category 2
46.43418195376595,Category 2
64.66429982433526,Category 2
59.643585177025166,Category 2
43.848681840944906,Category 2
71.64739354457171,Category 2
52.65408423201951,Category 2
51.89747562985619,Category 2
62.00569197230943,Category 2
71.48637349428715,Category 2
49.841781810216034,Category 2
60.61679849847972,Category 2
64.28816500330574,Category 2
66.93105607263143,Category 2
61.76441555277225,Category 2
56.329721609166775,Category 2
51.724097793512804,Category 2
60.86143883046375,Category 2
49.27860988014393,Category 2
30.78649516505393,Category 2
64.36559804157667,Category 2
69.03934841086195,Category 2
36.37067564458162,Category 2
49.90269295290062,Category 2
66.19154261005198,Category 2
80.574954697117,Category 2
60.20793707675408,Category 2
52.71997058770866,Category 2
58.1710355889516,Category 2
73.74876419148185,Category 2
53.54035820875465,Category 2
52.00807993349746,Category 2
55.17256477817968,Category 2
50.466713917412875,Category 2
61.22670315994795,Category 2
76.2467845846956,Category 2
63.23079273116029,Category 2
57.47646497873713,Category 2
57.08188731084456,Category 2
44.36809191303343,Category 2
68.83109777147159,Category 2
59.22162802987198,Category 2
58.19520086409374,Category 2
91.93107567844861,Category 2
62.98752908365686,Category 2
52.48208949904816,Category 2
55.736424037944566,Category 2
71.48445709196756,Category 2
61.13270410537764,Category 2
45.61722021682633,Category 2
69.19228934575203,Category 2
53.31855914461006,Category 2
78.73297776217545,Category 2
70.80048065714648,Category 2
55.52678104341249,Category 2
72.81016361735112,Category 2
60.678555105274036,Category 2
68.52773675122219,Category 2
64.84732817294474,Category 2
51.536433450091266,Category 2
53.56450167682538,Category 2
70.29960817581161,Category 2
56.65224667893459,Category 2
55.96351536758003,Category 2
50.44877420650647,Category 2
64.23599065593461,Category 2
80.62524919243145,Category 2
49.32467085745727,Category 2
60.24219456672758,Category 2
74.12220555415429,Category 2
59.203586087542845,Category 2
64.52371796249734,Category 2
49.376064718531204,Category 2
64.28307097207649,Category 2
58.12855734995451,Category 2
69.85729995679863,Category 2
71.87386051564751,Category 2
85.89563642018614,Category 2
65.79633173213576,Category 2
63.257963165821664,Category 2
61.94384301577336,Category 2
56.46833707189312,Category 2
63.38483843461691,Category 2
57.04598589860971,Category 2
61.68460976269614,Category 2
73.17597535607959,Category 2
49.934574347203586,Category 2
71.39878561129045,Category 2
73.17115067339866,Category 2
58.81931473008921,Category 2
38.78145100991405,Category 2
53.921780129055676,Category 2
72.96994546561109,Category 2
59.77131937701118,Category 2
50.00697767705089,Category 2
54.95225078771782,Category 2
68.40620026504553,Category 2
65.4673356820138,Category 2
57.61067900830306,Category 2
56.33175588185313,Category 2
56.08241850956178,Category 2
50.77589815501497,Category 2
76.15375689469442,Category 2
56.7767953078866,Category 2
72.17158520825497,Category 2
75.21316051922452,Category 2
69.9831089814796,Category 2
55.683796872819514,Category 2
64.03730090336609,Category 2
59.758043936090836,Category 2
50.96298139269872,Category 2
63.24359281721603,Category 2
48.20960208840198,Category 2
71.87679388461564,Category 2
55.35382702701607,Category 2
62.01159655872839,Category 2
62.83287871546142,Category 2
57.410950262959226,Category 2
65.86693801475275,Category 2
55.25096343377476,Category 2
68.71297297457244,Category 2
46.54020319753251,Category 2
61.26379579546412,Category 2
79.38928999058285,Category 2
49.99668675394425,Category 2
53.222550294751485,Category 2
65.13907849658915,Category 2
61.79581781939598,Category 2
63.50630099273559,Category 2
64.89187130147664,Category 2
66.3472146856177,Category 2
71.09699841956223,Category 2
64.09818656928513,Category 2
57.58742345381457,Category 2
66.72573701202731,Category 2
78.99881934895215,Category 2
58.67366253617426,Category 2
50.254706953293585,Category 2
71.07080669286972,Category 2
58.796188360464015,Category 2
38.27330453985964,Category 2
68.47421677150422,Category 2
54.64671814046077,Category 2
59.094667176958396,Category 2
63.319803305690144,Category 2
61.904996797790666,Category 2
67.09451817139039,Category 2
55.645136294301565,Category 2
65.13105798176083,Category 2
57.40453322416083,Category 2
67.38810480887503,Category 2
66.15367484013053,Category 2
50.645612979554045,Category 2
70.85982116175032,Category 2
54.64036554885952,Category 2
68.08057798281145,Category 2
63.67287313401341,Category 2
78.38183676795123,Category 2
57.76534017628148,Category 2
56.506832038818025,Category 2
59.805803941122676,Category 2
56.968202171657246,Category 2
67.9994190194205,Category 2
43.83689391563412,Category 2
49.46317580853646,Category 2
49.32197078420807,Category 2
69.50307591973575,Category 2
77.10613372581925,Category 2
58.955507814625285,Category 2
58.311782768099896,Category 2
60.700521631131814,Category 2
71.6187830260819,Category 2
50.72646865809426,Category 2
62.38368982734785,Category 2
69.7519762978243,Category 2
65.01094169939846,Category 2
61.89581616598743,Category 2
70.01046092567141,Category 2
32.967677070007625,Category 2
66.77875319530908,Category 2
53.45924316872576,Category 2
41.69367103143543,Category 2
65.11202599524981,Category 2
73.73658545162958,Category 2
58.62551485372308,Category 2
69.52874547202939,Category 2
76.12278257988646,Category 2
73.14914453584048,Category 2
76.39964529371393,Category 2
67.42127491071892,Category 2
60.754336389015926,Category 2
43.980341881028316,Category 2
57.53937511870051,Category 2
51.567534046838084,Category 2
81.70942717497815,Category 2
58.24114187567663,Category 2
61.23204806784486,Category 2
65.51485376040468,Category 2
60.436024463724536,Category 2
76.95051040430752,Category 2
53.77350638265548,Category 2
61.94607455237243,Category 2
52.57529414301952,Category 2
46.79977488779294,Category 2
53.882309090947146,Category 2
59.62963202951588,Category 2
55.7069777548274,Category 2
53.07579020126144,Category 2
45.93682536328166,Category 2
59.16894427371305,Category 2
44.952796259689975,Category 2
67.60055963689602,Category 2
60.824397529345035,Category 2
45.4244850053507,Category 2
56.907909229501364,Category 2
52.478435944094166,Category 2
63.1917451041918,Category 2
73.40450446023145,Category 2
41.248275303542556,Category 2
61.150260791474174,Category 2
58.398672044333594,Category 2
66.71340076450466,Category 2
62.131966282376894,Category 2
52.48030668261181,Category 2
56.80946064333382,Category 2
52.03974143196511,Category 2
70.76007138598598,Category 2
60.21311648671942,Category 2
79.01190685753008,Category 2
59.39339186185379,Category 2
52.91593233089537,Category 2
44.862856073871725,Category 2
41.96860323744055,Category 2
44.158640569945106,Category 2
62.67126651011483,Category 2
65.08725023229934,Category 2
44.188092979678665,Category 2
68.95038314076115,Category 2
55.1693894831656,Category 2
61.467930119855495,Category 2
76.12220628255425,Category 2
68.96839315865532,Category 2
57.314693520941674,Category 2
51.08807774584713,Category 2
38.48184598670695,Category 2
52.8084668075758,Category 2
57.88869761172305,Category 2
50.12820472848816,Category 2
58.68743032907695,Category 2
60.768518829587684,Category 2
57.751440181919214,Category 2
53.4999741917654,Category 2
61.68654671966728,Category 2
64.41940649569409,Category 2
49.096009225571535,Category 2
74.10932379746271,Category 2
59.014118677157384,Category 2
60.188496229448475,Category 2
67.08214423256557,Category 2
62.332161312635016,Category 2
69.53136633913245,Category 2
62.87124165201824,Category 2
53.87562625359562,Category 2
63.61503525206102,Category 2
48.56273792679338,Category 2
61.085597057765234,Category 2
59.66770009355539,Category 2
57.918831427274604,Category 2
58.71462488561069,Category 2
41.18150954502361,Category 2
54.512750922590385,Category 2
60.928449011411146,Category 2
61.598563919974005,Category 2
49.72324859074042,Category 2
72.65707840864701,Category 2
51.33825151785499,Category 2
69.69457200526736,Category 2
64.27194361871685,Category 2
53.53772690156197,Category 2
77.75310892609512,Category 2
48.0636316824352,Category 2
69.19154173610002,Category 2
70.00582318042979,Category 2
53.293797909233554,Category 2
73.92465300064329,Category 2
57.49953485401047,Category 2
62.88693629279857,Category 2
62.603218387712204,Category 2
58.65691258529452,Category 2
68.10808273159782,Category 2
67.93488720552213,Category 2
42.51468026761819,Category 2
73.04340242878152,Category 2
43.37508011964326,Category 2
70.32546204341658,Category 2
71.26705136827583,Category 2
49.09033569784802,Category 2
55.891857120454155,Category 2
48.94295331514064,Category 2
57.850789697112646,Category 2
56.919657158142584,Category 2
67.7966053226934,Category 2
73.10308746119608,Category 2
73.95683810789956,Category 2
54.37831973421698,Category 2
57.90778126255472,Category 2
43.1656180777905,Category 2
51.94129933503811,Category 2
69.64851633097457,Category 2
76.15582823548232,Category 2
47.65651128120078,Category 2
54.075357408471056,Category 2
59.73594243041073,Category 2
62.80161158819607,Category 2
51.90396480078354,Category 2
64.2406104446409,Category 2
55.26160652929084,Category 2
59.855477291217206,Category 2
65.462842480037,Category 2
60.064222698109376,Category 2
55.63614109473431,Category 2
58.90390196074169,Category 2
59.11637040794665,Category 2
56.29988970117872,Category 2
57.41203937332897,Category 2
75.98647170504717,Category 2
65.6091944794124,Category 2
57.045196819708394,Category 2
66.96954404510736,Category 2
56.6618051024399,Category 2
71.73124637586642,Category 2
63.69642192198094,Category 2
58.92697855995771,Category 2
64.47716925810278,Category 2
44.291238479315005,Category 2
48.73232531090195,Category 2
48.060749936009444,Category 2
61.429430947637066,Category 2
77.32514999485092,Category 2
82.31300146192632,Category 2
66.38051101440757,Category 2
65.00844474944456,Category 2
41.989422658472606,Category 2
54.57326200265978,Category 2
52.12216248091761,Category 2
53.79152401748884,Category 2
58.318561814152105,Category 2
55.27909422302873,Category 2
40.20700189624212,Category 2
67.47910256117534,Category 2
49.27256974260193,Category 2
62.39246864111149,Category 2
80.74082669749973,Category 2
50.80615408413577,Category 2
34.697124772536704,Category 2
57.139957781198895,Category 2
71.00959634998571,Category 2
79.58347454220593,Category 2
47.70450405547583,Category 2
64.96699223236521,Category 2
55.34689543219947,Category 2
58.94051645695864,Category 2
86.44343347017035,Category 2
44.970296716048466,Category 2
62.537396614945735,Category 2
64.67693171765433,Category 2
70.85786324939347,Category 2
60.97983153470896,Category 2
63.08050539504102,Category 2
56.08351432578209,Category 2
62.69126941245107,Category 2
56.5680772450259,Category 2
66.21571889856051,Category 2
56.30389663956366,Category 2
63.77100393902187,Category 2
59.707371863150215,Category 2
71.26050250772168,Category 2
59.48606276411514,Category 2
42.26967531793119,Category 2
72.61921500713991,Category 2
50.94267699137381,Category 2
53.4623366135118,Category 2
54.04338705956508,Category 2
73.74438093170818,Category 2
38.64325786021304,Category 2
91.37748533659993,Category 2
70.56056809066052,Category 2
62.2323891412916,Category 2
59.451059993837134,Category 2
62.85554074857657,Category 2
65.21122428379338,Category 2
66.45215585950056,Category 2
65.55604466003449,Category 2
60.895806812552486,Category 2
58.02661579692674,Category 2
58.487267163464885,Category 2
58.05091719647319,Category 2
71.33770096867065,Category 2
65.93556722280861,Category 2
30.596113653357197,Category 2
66.55900776529761,Category 2
61.94736194718775,Category 2
59.81291243554102,Category 2
56.11481546911114,Category 2
71.24112719986013,Category 2
69.47526462122858,Category 2
52.27122332176391,Category 2
64.07052287124534,Category 2
50.28343265458714,Category 2
46.203818352110694,Category 2
53.73282775410035,Category 2
68.62393472382759,Category 2
69.53125045376086,Category 2
65.13085420097293,Category 2
67.25095786847997,Category 2
65.16178287114958,Category 2
53.585184047770476,Category 2
64.31922544673941,Category 2
68.00409525227683,Category 2
67.54291329813574,Category 2
71.88913371474644,Category 2
67.08303847201064,Category 2
63.51448207541583,Category 2
70.70150238316427,Category 2
59.7347874075094,Category 2
51.18125348772282,Category 2
58.36933036056236,Category 2
52.55097355193551,Category 2
